{
  "timestamp": "2026-07-07T20:22:47.742724Z",
  "data_source": "full",
  "total_rows": 4,
  "models": [
    {
      "model": "ANN (MLPClassifier)",
      "accuracy": 0.6951428571428572,
      "precision": 0.6975572351845766,
      "recall": 0.9353701527614571,
      "f1": 0.7991466398945849,
      "roc_auc": 0.7416980158770575,
      "threshold": 0.3799999999999999,
      "brier_score": 0.19085562762613065
    },
    {
      "model": "Decision Tree",
      "accuracy": 0.6854285714285714,
      "precision": 0.68188894654904,
      "recall": 0.9650411280846063,
      "f1": 0.7991242474001095,
      "roc_auc": 0.7356337160857216,
      "threshold": 0.26,
      "brier_score": 0.20856129184180983
    },
    {
      "model": "Random Forest",
      "accuracy": 0.6753333333333333,
      "precision": 0.6767918443774056,
      "recall": 0.9556404230317274,
      "f1": 0.7923999756409476,
      "roc_auc": 0.7024778779792559,
      "threshold": 0.2,
      "brier_score": 0.22307153112076272
    },
    {
      "model": "Logistic Regression",
      "accuracy": 0.6615238095238095,
      "precision": 0.6628628628628629,
      "recall": 0.9726792009400705,
      "f1": 0.7884271937135373,
      "roc_auc": 0.6846579027859646,
      "threshold": 0.29999999999999993,
      "brier_score": 0.22506757184994464
    }
  ]
}